[
  {
    "type": "malware",
    "title": "Application Servers Protection",
    "starttime": "08: 24: 15",
    "detail": "MA, United States > MA, United States",
    "time1": 5,
    "time2": 4221,
    "lon1": -78.7967,
    "lat1": 35.8652,
    "alt1": 0,
    "lon2": -84.4501,
    "lat2": 33.6495,
    "alt2": 259
  },
  {
    "type": "phishing",
    "title": "Application Servers Protection",
    "starttime": "08: 24: 15",
    "detail": "MA, United States > MA, United States",
    "time1": 6,
    "time2": 5451,
    "lon1": 120.582,
    "lat1": 15.2382,
    "alt1": 914,
    "lon2": 121.2161,
    "lat2": 25.073,
    "alt2": -46
  },
  {
    "type": "malware",
    "title": "Application Servers Protection",
    "starttime": "08: 24: 15",
    "detail": "MA, United States > MA, United States",
    "time1": 7,
    "time2": 3959,
    "lon1": -104.6933,
    "lat1": 39.9012,
    "alt1": 1829,
    "lon2": -94.7228,
    "lat2": 39.3156,
    "alt2": 267
  },
  {
    "type": "malware",
    "title": "Application Servers Protection",
    "starttime": "08: 24: 15",
    "detail": "MA, United States > MA, United States",
    "time1": 7,
    "time2": 1071,
    "lon1": 121.5525,
    "lat1": 14.3393,
    "alt1": 3658,
    "lon2": 120.9937,
    "lat2": 14.4943,
    "alt2": 69
  },
  {
    "type": "malware",
    "title": "Application Servers Protection",
    "starttime": "08: 24: 15",
    "detail": "MA, United States > MA, United States",
    "time1": 9,
    "time2": 738,
    "lon1": 135.3845,
    "lat1": 34.7868,
    "alt1": 914,
    "lon2": 134.7618,
    "lat2": 35.1701,
    "alt2": 1928
  },
  {
    "type": "malware",
    "title": "Application Servers Protection",
    "starttime": "08: 24: 15",
    "detail": "MA, United States > MA, United States",
    "time1": 10,
    "time2": 23227,
    "lon1": -74.1813,
    "lat1": 40.6725,
    "alt1": 0,
    "lon2": -0.4415,
    "lat2": 51.465,
    "alt2": 152
  },
  {
    "type": "phishing",
    "title": "Application Servers Protection",
    "starttime": "08: 24: 15",
    "detail": "MA, United States > MA, United States",
    "time1": 11,
    "time2": 2856,
    "lon1": -84.869,
    "lat1": 38.1056,
    "alt1": 3962,
    "lon2": -89.0885,
    "lat2": 40.4764,
    "alt2": 1699
  },
  {
    "type": "phishing",
    "title": "Application Servers Protection",
    "starttime": "08: 24: 15",
    "detail": "MA, United States > MA, United States",
    "time1": 12,
    "time2": 3081,
    "lon1": 133.1157,
    "lat1": 32.3832,
    "alt1": 10363,
    "lon2": 139.825,
    "lat2": 35.4811,
    "alt2": 343
  },
  {
    "type": "phishing",
    "title": "Application Servers Protection",
    "starttime": "08: 24: 15",
    "detail": "MA, United States > MA, United States",
    "time1": 12,
    "time2": 2060,
    "lon1": -79.4152,
    "lat1": 43.6233,
    "alt1": 0,
    "lon2": -80.5727,
    "lat2": 45.9313,
    "alt2": 4763
  },
  {
    "type": "intrusion",
    "title": "Application Servers Protection",
    "starttime": "08: 24: 15",
    "detail": "MA, United States > MA, United States",
    "time1": 13,
    "time2": 29819,
    "lon1": -80.2361,
    "lat1": 25.8056,
    "alt1": 610,
    "lon2": 6.7598,
    "lat2": 51.2824,
    "alt2": 0
  },
  {
    "type": "intrusion",
    "title": "Application Servers Protection",
    "starttime": "08: 24: 15",
    "detail": "MA, United States > MA, United States",
    "time1": 14,
    "time2": 2136,
    "lon1": 119.4256,
    "lat1": -31.6962,
    "alt1": 12192,
    "lon2": 115.9689,
    "lat2": -31.9271,
    "alt2": 38
  },
  {
    "type": "intrusion",
    "title": "Application Servers Protection",
    "starttime": "08: 24: 15",
    "detail": "MA, United States > MA, United States",
    "time1": 15,
    "time2": 17589,
    "lon1": -80.1091,
    "lat1": 26.0838,
    "alt1": 305,
    "lon2": -115.1367,
    "lat2": 36.0737,
    "alt2": 602
  },
  {
    "type": "malware",
    "title": "Application Servers Protection",
    "starttime": "08: 24: 15",
    "detail": "MA, United States > MA, United States",
    "time1": 15,
    "time2": 3972,
    "lon1": -94.7084,
    "lat1": 39.2893,
    "alt1": 0,
    "lon2": -93.2827,
    "lat2": 44.9087,
    "alt2": 503
  },
  {
    "type": "malware",
    "title": "Application Servers Protection",
    "starttime": "08: 24: 15",
    "detail": "MA, United States > MA, United States",
    "time1": 16,
    "time2": 4212,
    "lon1": -97.0529,
    "lat1": 49.9099,
    "alt1": 3353,
    "lon2": -93.2329,
    "lat2": 44.8981,
    "alt2": 305
  },
  {
    "type": "malware",
    "title": "Application Servers Protection",
    "starttime": "08: 24: 15",
    "detail": "MA, United States > MA, United States",
    "time1": 16,
    "time2": 966,
    "lon1": -93.1426,
    "lat1": 35.6098,
    "alt1": 2743,
    "lon2": -94.0942,
    "lat2": 36.4027,
    "alt2": 503
  },
  {
    "type": "intrusion",
    "title": "Application Servers Protection",
    "starttime": "08: 24: 15",
    "detail": "MA, United States > MA, United States",
    "time1": 18,
    "time2": 3266,
    "lon1": -81.8776,
    "lat1": 41.3924,
    "alt1": 305,
    "lon2": -87.735,
    "lat2": 41.7983,
    "alt2": 152
  },
  {
    "type": "malware",
    "title": "Application Servers Protection",
    "starttime": "08: 24: 15",
    "detail": "MA, United States > MA, United States",
    "time1": 18,
    "time2": 3266,
    "lon1": -81.8776,
    "lat1": 41.3924,
    "alt1": 305,
    "lon2": -87.735,
    "lat2": 41.7983,
    "alt2": 152
  },
  {
    "type": "malware",
    "title": "Application Servers Protection",
    "starttime": "08: 24: 15",
    "detail": "MA, United States > MA, United States",
    "time1": 19,
    "time2": 2604,
    "lon1": -95.2592,
    "lat1": 29.6299,
    "alt1": 0,
    "lon2": -96.8763,
    "lat2": 32.8624,
    "alt2": 221
  },
  {
    "type": "malware",
    "title": "Application Servers Protection",
    "starttime": "08: 24: 15",
    "detail": "MA, United States > MA, United States",
    "time1": 22,
    "time2": 2841,
    "lon1": 51.6209,
    "lat1": 25.2689,
    "alt1": -305,
    "lon2": 56.7354,
    "lat2": 24.7096,
    "alt2": 9449
  },
  {
    "type": "intrusion",
    "title": "Application Servers Protection",
    "starttime": "08: 24: 15",
    "detail": "MA, United States > MA, United States",
    "time1": 23,
    "time2": 27669,
    "lon1": 55.3749,
    "lat1": 25.24,
    "alt1": -305,
    "lon2": 25.9987,
    "lat2": -26.7408,
    "alt2": 10973
  },
  {
    "type": "malware",
    "title": "Application Servers Protection",
    "starttime": "08: 24: 15",
    "detail": "MA, United States > MA, United States",
    "time1": 26,
    "time2": 2697,
    "lon1": -119.7141,
    "lat1": 34.3204,
    "alt1": 1524,
    "lon2": -118.4395,
    "lat2": 34.2838,
    "alt2": 465
  },
  {
    "type": "malware",
    "title": "Application Servers Protection",
    "starttime": "08: 24: 15",
    "detail": "MA, United States > MA, United States",
    "time1": 27,
    "time2": 1129,
    "lon1": -80.9963,
    "lat1": 35.1287,
    "alt1": 1219,
    "lon2": -81.1081,
    "lat2": 36.8681,
    "alt2": 6401
  },
  {
    "type": "malware",
    "title": "Application Servers Protection",
    "starttime": "08: 24: 15",
    "detail": "MA, United States > MA, United States",
    "time1": 28,
    "time2": 18772,
    "lon1": -81.0931,
    "lat1": 35.1094,
    "alt1": 1524,
    "lon2": -122.5603,
    "lat2": 45.5713,
    "alt2": 160
  },
  {
    "type": "malware",
    "title": "Application Servers Protection",
    "starttime": "08: 24: 15",
    "detail": "MA, United States > MA, United States",
    "time1": 28,
    "time2": 4941,
    "lon1": -117.2809,
    "lat1": 33.128,
    "alt1": 0,
    "lon2": -119.5879,
    "lat2": 34.3859,
    "alt2": 1341
  },
  {
    "type": "malware",
    "title": "Application Servers Protection",
    "starttime": "08: 24: 15",
    "detail": "MA, United States > MA, United States",
    "time1": 28,
    "time2": 1183,
    "lon1": -80.9349,
    "lat1": 29.0512,
    "alt1": 0,
    "lon2": -81.1907,
    "lat2": 29.009,
    "alt2": 632
  },
  {
    "type": "malware",
    "title": "Application Servers Protection",
    "starttime": "08: 24: 15",
    "detail": "MA, United States > MA, United States",
    "time1": 30,
    "time2": 5877,
    "lon1": 122.8436,
    "lat1": 37.8317,
    "alt1": 8839,
    "lon2": 135.2058,
    "lat2": 34.4283,
    "alt2": -84
  },
  {
    "type": "phishing",
    "title": "Application Servers Protection",
    "starttime": "08: 24: 15",
    "detail": "MA, United States > MA, United States",
    "time1": 33,
    "time2": 4912,
    "lon1": 31.8494,
    "lat1": 43.1033,
    "alt1": 11278,
    "lon2": 30.9125,
    "lat2": 34.0436,
    "alt2": 11285
  },
  {
    "type": "phishing",
    "title": "Application Servers Protection",
    "starttime": "08: 24: 15",
    "detail": "MA, United States > MA, United States",
    "time1": 33,
    "time2": 887,
    "lon1": 106.7442,
    "lat1": -6.2493,
    "alt1": 3048,
    "lon2": 108.2324,
    "lat2": -6.7929,
    "alt2": 9449
  },
  {
    "type": "phishing",
    "title": "Application Servers Protection",
    "starttime": "08: 24: 15",
    "detail": "MA, United States > MA, United States",
    "time1": 34,
    "time2": 11339,
    "lon1": 28.9922,
    "lat1": 41.5693,
    "alt1": 3353,
    "lon2": 37.4141,
    "lat2": 55.9713,
    "alt2": 0
  },
  {
    "type": "malware",
    "title": "Application Servers Protection",
    "starttime": "08: 24: 15",
    "detail": "MA, United States > MA, United States",
    "time1": 36,
    "time2": 1268,
    "lon1": -116.3712,
    "lat1": 33.8142,
    "alt1": 2743,
    "lon2": -118.0222,
    "lat2": 34.1016,
    "alt2": 191
  },
  {
    "type": "malware",
    "title": "Application Servers Protection",
    "starttime": "08: 24: 15",
    "detail": "MA, United States > MA, United States",
    "time1": 36,
    "time2": 3116,
    "lon1": -97.2249,
    "lat1": 29.0352,
    "alt1": 2134,
    "lon2": -99.2035,
    "lat2": 30.2909,
    "alt2": 2377
  },
  {
    "type": "malware",
    "title": "Application Servers Protection",
    "starttime": "08: 24: 15",
    "detail": "MA, United States > MA, United States",
    "time1": 36,
    "time2": 9509,
    "lon1": 113.9072,
    "lat1": 22.2992,
    "alt1": -305,
    "lon2": 130.4362,
    "lat2": 33.6071,
    "alt2": 8
  },
  {
    "type": "malware",
    "title": "Application Servers Protection",
    "starttime": "08: 24: 15",
    "detail": "MA, United States > MA, United States",
    "time1": 37,
    "time2": 1777,
    "lon1": -86.6024,
    "lat1": 34.8826,
    "alt1": 610,
    "lon2": -86.5264,
    "lat2": 34.8754,
    "alt2": 1036
  },
  {
    "type": "malware",
    "title": "Application Servers Protection",
    "starttime": "08: 24: 15",
    "detail": "MA, United States > MA, United States",
    "time1": 37,
    "time2": 2696,
    "lon1": -80.9066,
    "lat1": 35.1367,
    "alt1": 914,
    "lon2": -75.8244,
    "lat2": 37.8306,
    "alt2": 2621
  },
  {
    "type": "phishing",
    "title": "Application Servers Protection",
    "starttime": "08: 24: 15",
    "detail": "MA, United States > MA, United States",
    "time1": 39,
    "time2": 7453,
    "lon1": 77.7275,
    "lat1": 13.2071,
    "alt1": 914,
    "lon2": 88.4407,
    "lat2": 22.5948,
    "alt2": 290
  },
  {
    "type": "malware",
    "title": "Application Servers Protection",
    "starttime": "08: 24: 15",
    "detail": "MA, United States > MA, United States",
    "time1": 40,
    "time2": 1108,
    "lon1": -75.0372,
    "lat1": 4.5954,
    "alt1": 6401,
    "lon2": -74.2159,
    "lat2": 4.746,
    "alt2": 2774
  },
  {
    "type": "malware",
    "title": "Application Servers Protection",
    "starttime": "08: 24: 15",
    "detail": "MA, United States > MA, United States",
    "time1": 43,
    "time2": 1690,
    "lon1": -117.1428,
    "lat1": 32.8175,
    "alt1": 0,
    "lon2": -117.9621,
    "lat2": 34.4615,
    "alt2": 2469
  },
  {
    "type": "intrusion",
    "title": "Application Servers Protection",
    "starttime": "08: 24: 15",
    "detail": "MA, United States > MA, United States",
    "time1": 43,
    "time2": 1430,
    "lon1": -73.9037,
    "lat1": 6.504,
    "alt1": 11278,
    "lon2": -74.2138,
    "lat2": 4.7444,
    "alt2": 2751
  },
  {
    "type": "malware",
    "title": "Application Servers Protection",
    "starttime": "08: 24: 15",
    "detail": "MA, United States > MA, United States",
    "time1": 43,
    "time2": 2815,
    "lon1": -118.4228,
    "lat1": 33.948,
    "alt1": 0,
    "lon2": -119.5051,
    "lat2": 38.7373,
    "alt2": 6683
  },
  {
    "type": "malware",
    "title": "Application Servers Protection",
    "starttime": "08: 24: 15",
    "detail": "MA, United States > MA, United States",
    "time1": 43,
    "time2": 4494,
    "lon1": 120.3165,
    "lat1": 27.3099,
    "alt1": 5182,
    "lon2": 113.5786,
    "lat2": 23.2699,
    "alt2": 2339
  },
  {
    "type": "malware",
    "title": "Application Servers Protection",
    "starttime": "08: 24: 15",
    "detail": "MA, United States > MA, United States",
    "time1": 46,
    "time2": 3989,
    "lon1": -79.6042,
    "lat1": 43.6784,
    "alt1": 0,
    "lon2": -71.023,
    "lat2": 42.3278,
    "alt2": 61
  },
  {
    "type": "malware",
    "title": "Application Servers Protection",
    "starttime": "08: 24: 15",
    "detail": "MA, United States > MA, United States",
    "time1": 47,
    "time2": 1609,
    "lon1": -122.3317,
    "lat1": 38.432,
    "alt1": 610,
    "lon2": -121.272,
    "lat2": 38.2034,
    "alt2": -53
  },
  {
    "type": "malware",
    "title": "Application Servers Protection",
    "starttime": "08: 24: 15",
    "detail": "MA, United States > MA, United States",
    "time1": 47,
    "time2": 9050,
    "lon1": 147.5254,
    "lat1": -42.8463,
    "alt1": 0,
    "lon2": 153.1328,
    "lat2": -27.3773,
    "alt2": 0
  },
  {
    "type": "malware",
    "title": "Application Servers Protection",
    "starttime": "08: 24: 15",
    "detail": "MA, United States > MA, United States",
    "time1": 47,
    "time2": 9650,
    "lon1": -95.8825,
    "lat1": 36.1957,
    "alt1": 0,
    "lon2": -112.1005,
    "lat2": 40.825,
    "alt2": 3315
  },
  {
    "type": "phishing",
    "title": "Application Servers Protection",
    "starttime": "08: 24: 15",
    "detail": "MA, United States > MA, United States",
    "time1": 48,
    "time2": 1727,
    "lon1": -154.1822,
    "lat1": 62.6122,
    "alt1": 8839,
    "lon2": -149.9597,
    "lat2": 61.1698,
    "alt2": -107
  },
  {
    "type": "malware",
    "title": "Application Servers Protection",
    "starttime": "08: 24: 15",
    "detail": "MA, United States > MA, United States",
    "time1": 48,
    "time2": 864,
    "lon1": -115.2023,
    "lat1": 36.2143,
    "alt1": 610,
    "lon2": -115.7813,
    "lat2": 36.0271,
    "alt2": 3627
  },
  {
    "type": "malware",
    "title": "Application Servers Protection",
    "starttime": "08: 24: 15",
    "detail": "MA, United States > MA, United States",
    "time1": 52,
    "time2": 5961,
    "lon1": -112.0153,
    "lat1": 33.431,
    "alt1": 305,
    "lon2": -98.5225,
    "lat2": 29.5714,
    "alt2": 457
  },
  {
    "type": "malware",
    "title": "Application Servers Protection",
    "starttime": "08: 24: 15",
    "detail": "MA, United States > MA, United States",
    "time1": 53,
    "time2": 4475,
    "lon1": -115.1632,
    "lat1": 36.0817,
    "alt1": 610,
    "lon2": -122.2254,
    "lat2": 37.7089,
    "alt2": -76
  },
  {
    "type": "malware",
    "title": "Application Servers Protection",
    "starttime": "08: 24: 15",
    "detail": "MA, United States > MA, United States",
    "time1": 53,
    "time2": 3567,
    "lon1": -77.056,
    "lat1": 38.8793,
    "alt1": 305,
    "lon2": -71.0243,
    "lat2": 42.3252,
    "alt2": 84
  },
  {
    "type": "malware",
    "title": "Application Servers Protection",
    "starttime": "08: 24: 15",
    "detail": "MA, United States > MA, United States",
    "time1": 53,
    "time2": 7581,
    "lon1": -122.308,
    "lat1": 47.4407,
    "alt1": 0,
    "lon2": -104.6862,
    "lat2": 39.9576,
    "alt2": 2004
  },
  {
    "type": "malware",
    "title": "Application Servers Protection",
    "starttime": "08: 24: 15",
    "detail": "MA, United States > MA, United States",
    "time1": 53,
    "time2": 32396,
    "lon1": 121.2326,
    "lat1": 25.0859,
    "alt1": -305,
    "lon2": 151.1854,
    "lat2": -33.9825,
    "alt2": 99
  },
  {
    "type": "malware",
    "title": "Application Servers Protection",
    "starttime": "08: 24: 15",
    "detail": "MA, United States > MA, United States",
    "time1": 54,
    "time2": 1727,
    "lon1": -92.4544,
    "lat1": 45.5005,
    "alt1": 5486,
    "lon2": -94.9039,
    "lat2": 46.0479,
    "alt2": 6706
  },
  {
    "type": "malware",
    "title": "Application Servers Protection",
    "starttime": "08: 24: 15",
    "detail": "MA, United States > MA, United States",
    "time1": 54,
    "time2": 5575,
    "lon1": -97.0304,
    "lat1": 32.8813,
    "alt1": 305,
    "lon2": -84.465,
    "lat2": 33.6319,
    "alt2": 259
  },
  {
    "type": "malware",
    "title": "Application Servers Protection",
    "starttime": "08: 24: 15",
    "detail": "MA, United States > MA, United States",
    "time1": 55,
    "time2": 9377,
    "lon1": -75.8221,
    "lat1": 5.3824,
    "alt1": 8534,
    "lon2": -77.1431,
    "lat2": -11.9635,
    "alt2": 312
  },
  {
    "type": "malware",
    "title": "Application Servers Protection",
    "starttime": "08: 24: 15",
    "detail": "MA, United States > MA, United States",
    "time1": 56,
    "time2": 8637,
    "lon1": 113.6129,
    "lat1": 22.2213,
    "alt1": 610,
    "lon2": 100.7585,
    "lat2": 13.7618,
    "alt2": 320
  },
  {
    "type": "malware",
    "title": "Application Servers Protection",
    "starttime": "08: 24: 15",
    "detail": "MA, United States > MA, United States",
    "time1": 57,
    "time2": 1553,
    "lon1": -118.4045,
    "lat1": 33.9352,
    "alt1": 0,
    "lon2": -117.1668,
    "lat2": 32.728,
    "alt2": 53
  },
  {
    "type": "malware",
    "title": "Application Servers Protection",
    "starttime": "08: 24: 15",
    "detail": "MA, United States > MA, United States",
    "time1": 63,
    "time2": 15376,
    "lon1": 115.9593,
    "lat1": -31.9593,
    "alt1": 0,
    "lon2": 153.131,
    "lat2": -27.3804,
    "alt2": 0
  },
  {
    "type": "malware",
    "title": "Application Servers Protection",
    "starttime": "08: 24: 15",
    "detail": "MA, United States > MA, United States",
    "time1": 64,
    "time2": 7216,
    "lon1": 144.8131,
    "lat1": -37.6602,
    "alt1": 0,
    "lon2": 153.0935,
    "lat2": -26.5972,
    "alt2": -8
  },
  {
    "type": "malware",
    "title": "Application Servers Protection",
    "starttime": "08: 24: 15",
    "detail": "MA, United States > MA, United States",
    "time1": 64,
    "time2": 12325,
    "lon1": -66.0698,
    "lat1": 18.5636,
    "alt1": 1524,
    "lon2": -84.468,
    "lat2": 33.6203,
    "alt2": 297
  },
  {
    "type": "malware",
    "title": "Application Servers Protection",
    "starttime": "08: 24: 15",
    "detail": "MA, United States > MA, United States",
    "time1": 65,
    "time2": 11568,
    "lon1": -104.6913,
    "lat1": 39.9022,
    "alt1": 1829,
    "lon2": -80.1716,
    "lat2": 26.0659,
    "alt2": -30
  },
  {
    "type": "malware",
    "title": "Application Servers Protection",
    "starttime": "08: 24: 15",
    "detail": "MA, United States > MA, United States",
    "time1": 65,
    "time2": 3643,
    "lon1": 126.4311,
    "lat1": 37.4881,
    "alt1": 0,
    "lon2": 135.1068,
    "lat2": 36.5387,
    "alt2": 11278
  },
  {
    "type": "malware",
    "title": "Application Servers Protection",
    "starttime": "08: 24: 15",
    "detail": "MA, United States > MA, United States",
    "time1": 65,
    "time2": 932,
    "lon1": -77.0085,
    "lat1": 39.6096,
    "alt1": 0,
    "lon2": -76.4876,
    "lat2": 39.3837,
    "alt2": 343
  },
  {
    "type": "malware",
    "title": "Application Servers Protection",
    "starttime": "08: 24: 15",
    "detail": "MA, United States > MA, United States",
    "time1": 65,
    "time2": 9704,
    "lon1": -111.6413,
    "lat1": 33.2965,
    "alt1": 305,
    "lon2": -122.9876,
    "lat2": 45.5763,
    "alt2": 305
  },
  {
    "type": "malware",
    "title": "Application Servers Protection",
    "starttime": "08: 24: 15",
    "detail": "MA, United States > MA, United States",
    "time1": 67,
    "time2": 12808,
    "lon1": -95.3396,
    "lat1": 29.9506,
    "alt1": 305,
    "lon2": -122.371,
    "lat2": 37.6193,
    "alt2": -76
  },
  {
    "type": "malware",
    "title": "Application Servers Protection",
    "starttime": "08: 24: 15",
    "detail": "MA, United States > MA, United States",
    "time1": 68,
    "time2": 1974,
    "lon1": -123.395,
    "lat1": 48.4185,
    "alt1": 0,
    "lon2": -123.1263,
    "lat2": 49.305,
    "alt2": 213
  },
  {
    "type": "malware",
    "title": "Application Servers Protection",
    "starttime": "08: 24: 15",
    "detail": "MA, United States > MA, United States",
    "time1": 69,
    "time2": 6719,
    "lon1": 153.1234,
    "lat1": -27.3938,
    "alt1": 0,
    "lon2": 145.8594,
    "lat2": -16.6276,
    "alt2": 2377
  },
  {
    "type": "malware",
    "title": "Application Servers Protection",
    "starttime": "08: 24: 15",
    "detail": "MA, United States > MA, United States",
    "time1": 70,
    "time2": 3659,
    "lon1": 30.1871,
    "lat1": 59.8049,
    "alt1": 610,
    "lon2": 37.4128,
    "lat2": 55.9738,
    "alt2": 175
  },
  {
    "type": "malware",
    "title": "Application Servers Protection",
    "starttime": "08: 24: 15",
    "detail": "MA, United States > MA, United States",
    "time1": 72,
    "time2": 4737,
    "lon1": -47.94,
    "lat1": -15.8806,
    "alt1": 914,
    "lon2": -46.6637,
    "lat2": -23.6162,
    "alt2": 770
  },
  {
    "type": "malware",
    "title": "Application Servers Protection",
    "starttime": "08: 24: 15",
    "detail": "MA, United States > MA, United States",
    "time1": 72,
    "time2": 4637,
    "lon1": -51.0412,
    "lat1": -29.9948,
    "alt1": 914,
    "lon2": -46.4933,
    "lat2": -23.4405,
    "alt2": 724
  },
  {
    "type": "malware",
    "title": "Application Servers Protection",
    "starttime": "08: 24: 15",
    "detail": "MA, United States > MA, United States",
    "time1": 73,
    "time2": 22253,
    "lon1": 123.8871,
    "lat1": 38.6573,
    "alt1": 9449,
    "lon2": 112.7509,
    "lat2": 21.9949,
    "alt2": 8847
  },
  {
    "type": "malware",
    "title": "Application Servers Protection",
    "starttime": "08: 24: 15",
    "detail": "MA, United States > MA, United States",
    "time1": 76,
    "time2": 10903,
    "lon1": -96.8849,
    "lat1": 46.869,
    "alt1": 1524,
    "lon2": -112.0055,
    "lat2": 33.4288,
    "alt2": 290
  },
  {
    "type": "malware",
    "title": "Application Servers Protection",
    "starttime": "08: 24: 15",
    "detail": "MA, United States > MA, United States",
    "time1": 76,
    "time2": 5722,
    "lon1": -81.8891,
    "lat1": 41.3835,
    "alt1": 305,
    "lon2": -84.4511,
    "lat2": 33.6496,
    "alt2": 244
  },
  {
    "type": "malware",
    "title": "Application Servers Protection",
    "starttime": "08: 24: 15",
    "detail": "MA, United States > MA, United States",
    "time1": 78,
    "time2": 927,
    "lon1": -76.9835,
    "lat1": -12.2535,
    "alt1": 2743,
    "lon2": -75.5423,
    "lat2": -12.8439,
    "alt2": 9609
  },
  {
    "type": "malware",
    "title": "Application Servers Protection",
    "starttime": "08: 24: 15",
    "detail": "MA, United States > MA, United States",
    "time1": 79,
    "time2": 13669,
    "lon1": 55.3669,
    "lat1": 25.2464,
    "alt1": -305,
    "lon2": 80.1358,
    "lat2": 12.9777,
    "alt2": 114
  },
  {
    "type": "malware",
    "title": "Application Servers Protection",
    "starttime": "08: 24: 15",
    "detail": "MA, United States > MA, United States",
    "time1": 79,
    "time2": 8354,
    "lon1": -79.9491,
    "lat1": 26.0872,
    "alt1": 2134,
    "lon2": -73.1446,
    "lat2": 40.7644,
    "alt2": 122
  },
  {
    "type": "malware",
    "title": "Application Servers Protection",
    "starttime": "08: 24: 15",
    "detail": "MA, United States > MA, United States",
    "time1": 80,
    "time2": 11932,
    "lon1": 126.4108,
    "lat1": 37.4774,
    "alt1": 0,
    "lon2": 113.8936,
    "lat2": 22.3095,
    "alt2": -15
  },
  {
    "type": "malware",
    "title": "Application Servers Protection",
    "starttime": "08: 24: 15",
    "detail": "MA, United States > MA, United States",
    "time1": 80,
    "time2": 1705,
    "lon1": 175.6302,
    "lat1": -40.3203,
    "alt1": 0,
    "lon2": 175.5987,
    "lat2": -40.3198,
    "alt2": 8
  },
  {
    "type": "malware",
    "title": "Application Servers Protection",
    "starttime": "08: 24: 15",
    "detail": "MA, United States > MA, United States",
    "time1": 81,
    "time2": 1393,
    "lon1": 144.902,
    "lat1": -37.7405,
    "alt1": 0,
    "lon2": 144.8825,
    "lat2": -36.5452,
    "alt2": 2461
  },
  {
    "type": "malware",
    "title": "Application Servers Protection",
    "starttime": "08: 24: 15",
    "detail": "MA, United States > MA, United States",
    "time1": 82,
    "time2": 1019,
    "lon1": -123.1606,
    "lat1": 49.1845,
    "alt1": 0,
    "lon2": -122.3641,
    "lat2": 50.521,
    "alt2": 7590
  },
  {
    "type": "malware",
    "title": "Application Servers Protection",
    "starttime": "08: 24: 15",
    "detail": "MA, United States > MA, United States",
    "time1": 82,
    "time2": 2011,
    "lon1": 100.5933,
    "lat1": 13.8922,
    "alt1": 0,
    "lon2": 99.4486,
    "lat2": 17.0914,
    "alt2": 9670
  },
  {
    "type": "malware",
    "title": "Application Servers Protection",
    "starttime": "08: 24: 15",
    "detail": "MA, United States > MA, United States",
    "time1": 82,
    "time2": 2063,
    "lon1": 77.0772,
    "lat1": 28.5446,
    "alt1": 305,
    "lon2": 76.7261,
    "lat2": 25.2778,
    "alt2": 9449
  },
  {
    "type": "malware",
    "title": "Application Servers Protection",
    "starttime": "08: 24: 15",
    "detail": "MA, United States > MA, United States",
    "time1": 84,
    "time2": 2037,
    "lon1": -117.1347,
    "lat1": 32.8142,
    "alt1": 0,
    "lon2": -117.1369,
    "lat2": 32.8151,
    "alt2": 84
  },
  {
    "type": "malware",
    "title": "Application Servers Protection",
    "starttime": "08: 24: 15",
    "detail": "MA, United States > MA, United States",
    "time1": 87,
    "time2": 854,
    "lon1": -121.6019,
    "lat1": 38.6902,
    "alt1": 0,
    "lon2": -121.7852,
    "lat2": 39.1388,
    "alt2": 1775
  },
  {
    "type": "malware",
    "title": "Application Servers Protection",
    "starttime": "08: 24: 15",
    "detail": "MA, United States > MA, United States",
    "time1": 88,
    "time2": 21702,
    "lon1": -70.9805,
    "lat1": 42.3463,
    "alt1": 0,
    "lon2": -122.5632,
    "lat2": 45.5724,
    "alt2": 137
  },
  {
    "type": "malware",
    "title": "Application Servers Protection",
    "starttime": "08: 24: 15",
    "detail": "MA, United States > MA, United States",
    "time1": 90,
    "time2": 5277,
    "lon1": -89.3182,
    "lat1": 33.2099,
    "alt1": 7925,
    "lon2": -87.9616,
    "lat2": 41.9656,
    "alt2": 267
  },
  {
    "type": "malware",
    "title": "Application Servers Protection",
    "starttime": "08: 24: 15",
    "detail": "MA, United States > MA, United States",
    "time1": 91,
    "time2": 951,
    "lon1": 112.355,
    "lat1": 23.0934,
    "alt1": 3048,
    "lon2": 113.7126,
    "lat2": 23.0773,
    "alt2": 1745
  },
  {
    "type": "malware",
    "title": "Application Servers Protection",
    "starttime": "08: 24: 15",
    "detail": "MA, United States > MA, United States",
    "time1": 92,
    "time2": 2539,
    "lon1": -89.1574,
    "lat1": 34.9032,
    "alt1": 5791,
    "lon2": -84.4605,
    "lat2": 33.6319,
    "alt2": 274
  },
  {
    "type": "malware",
    "title": "Application Servers Protection",
    "starttime": "08: 24: 15",
    "detail": "MA, United States > MA, United States",
    "time1": 94,
    "time2": 6680,
    "lon1": 113.829,
    "lat1": 22.605,
    "alt1": 610,
    "lon2": 104.6802,
    "lat2": 29.1813,
    "alt2": 6005
  },
  {
    "type": "malware",
    "title": "Application Servers Protection",
    "starttime": "08: 24: 15",
    "detail": "MA, United States > MA, United States",
    "time1": 95,
    "time2": 1280,
    "lon1": 101.6999,
    "lat1": 2.7811,
    "alt1": 0,
    "lon2": 102.3766,
    "lat2": 4.6886,
    "alt2": 8839
  },
  {
    "type": "malware",
    "title": "Application Servers Protection",
    "starttime": "08: 24: 15",
    "detail": "MA, United States > MA, United States",
    "time1": 96,
    "time2": 3629,
    "lon1": 12.2023,
    "lat1": 51.4121,
    "alt1": 610,
    "lon2": 4.5097,
    "lat2": 50.9318,
    "alt2": 251
  },
  {
    "type": "malware",
    "title": "Application Servers Protection",
    "starttime": "08: 24: 15",
    "detail": "MA, United States > MA, United States",
    "time1": 96,
    "time2": 1792,
    "lon1": -90.5677,
    "lat1": 41.3561,
    "alt1": 2134,
    "lon2": -90.7172,
    "lat2": 41.4522,
    "alt2": 640
  },
  {
    "type": "malware",
    "title": "Application Servers Protection",
    "starttime": "08: 24: 15",
    "detail": "MA, United States > MA, United States",
    "time1": 96,
    "time2": 3349,
    "lon1": -116.9882,
    "lat1": 32.8308,
    "alt1": 0,
    "lon2": -116.9545,
    "lat2": 32.8204,
    "alt2": 213
  },
  {
    "type": "malware",
    "title": "Application Servers Protection",
    "starttime": "08: 24: 15",
    "detail": "MA, United States > MA, United States",
    "time1": 96,
    "time2": 5901,
    "lon1": -73.7287,
    "lat1": 45.4673,
    "alt1": -305,
    "lon2": -83.2714,
    "lat2": 42.3059,
    "alt2": 617
  },
  {
    "type": "malware",
    "title": "Application Servers Protection",
    "starttime": "08: 24: 15",
    "detail": "MA, United States > MA, United States",
    "time1": 96,
    "time2": 1318,
    "lon1": -104.5754,
    "lat1": 34.2662,
    "alt1": 10973,
    "lon2": -106.5707,
    "lat2": 35.0441,
    "alt2": 1638
  },
  {
    "type": "malware",
    "title": "Application Servers Protection",
    "starttime": "08: 24: 15",
    "detail": "MA, United States > MA, United States",
    "time1": 96,
    "time2": 1188,
    "lon1": -75.8423,
    "lat1": 39.6239,
    "alt1": 0,
    "lon2": -75.1928,
    "lat2": 39.9497,
    "alt2": -30
  },
  {
    "type": "malware",
    "title": "Application Servers Protection",
    "starttime": "08: 24: 15",
    "detail": "MA, United States > MA, United States",
    "time1": 97,
    "time2": 3575,
    "lon1": 101.5523,
    "lat1": 3.1254,
    "alt1": 0,
    "lon2": 103.886,
    "lat2": 1.4438,
    "alt2": 206
  },
  {
    "type": "malware",
    "title": "Application Servers Protection",
    "starttime": "08: 24: 15",
    "detail": "MA, United States > MA, United States",
    "time1": 97,
    "time2": 897,
    "lon1": 88.4535,
    "lat1": 22.7024,
    "alt1": 610,
    "lon2": 87.6693,
    "lat2": 21.7412,
    "alt2": 9335
  },
  {
    "type": "malware",
    "title": "Application Servers Protection",
    "starttime": "08: 24: 15",
    "detail": "MA, United States > MA, United States",
    "time1": 98,
    "time2": 1801,
    "lon1": -119.0999,
    "lat1": 34.2139,
    "alt1": 0,
    "lon2": -119.074,
    "lat2": 34.2136,
    "alt2": 61
  },
  {
    "type": "malware",
    "title": "Application Servers Protection",
    "starttime": "08: 24: 15",
    "detail": "MA, United States > MA, United States",
    "time1": 99,
    "time2": 1936,
    "lon1": 100.7301,
    "lat1": 13.6538,
    "alt1": 610,
    "lon2": 99.5894,
    "lat2": 16.6664,
    "alt2": 10965
  },
  {
    "type": "malware",
    "title": "Application Servers Protection",
    "starttime": "08: 24: 15",
    "detail": "MA, United States > MA, United States",
    "time1": 101,
    "time2": 35377,
    "lon1": -77.89,
    "lat1": 39.0633,
    "alt1": 305,
    "lon2": 21.198,
    "lat2": 52.0718,
    "alt2": 122
  },
  {
    "type": "malware",
    "title": "Application Servers Protection",
    "starttime": "08: 24: 15",
    "detail": "MA, United States > MA, United States",
    "time1": 101,
    "time2": 6657,
    "lon1": -90.646,
    "lat1": 38.6682,
    "alt1": 0,
    "lon2": -74.0578,
    "lat2": 40.8741,
    "alt2": 8
  },
  {
    "type": "malware",
    "title": "Application Servers Protection",
    "starttime": "08: 24: 15",
    "detail": "MA, United States > MA, United States",
    "time1": 102,
    "time2": 10438,
    "lon1": -97.6576,
    "lat1": 30.1732,
    "alt1": 305,
    "lon2": -73.7967,
    "lat2": 40.5917,
    "alt2": 122
  },
  {
    "type": "malware",
    "title": "Application Servers Protection",
    "starttime": "08: 24: 15",
    "detail": "MA, United States > MA, United States",
    "time1": 102,
    "time2": 3142,
    "lon1": -84.6473,
    "lat1": 43.6349,
    "alt1": 3962,
    "lon2": -91.1212,
    "lat2": 44.651,
    "alt2": 3170
  },
  {
    "type": "malware",
    "title": "Application Servers Protection",
    "starttime": "08: 24: 15",
    "detail": "MA, United States > MA, United States",
    "time1": 102,
    "time2": 7066,
    "lon1": -121.5794,
    "lat1": 38.681,
    "alt1": 0,
    "lon2": -104.6595,
    "lat2": 39.919,
    "alt2": 1981
  },
  {
    "type": "malware",
    "title": "Application Servers Protection",
    "starttime": "08: 24: 15",
    "detail": "MA, United States > MA, United States",
    "time1": 102,
    "time2": 6292,
    "lon1": -104.6952,
    "lat1": 39.8852,
    "alt1": 1829,
    "lon2": -87.9945,
    "lat2": 41.9656,
    "alt2": 389
  },
  {
    "type": "malware",
    "title": "Application Servers Protection",
    "starttime": "08: 24: 15",
    "detail": "MA, United States > MA, United States",
    "time1": 104,
    "time2": 1720,
    "lon1": -78.4313,
    "lat1": 36.7093,
    "alt1": 4267,
    "lon2": -80.4711,
    "lat2": 34.3495,
    "alt2": 4298
  },
  {
    "type": "malware",
    "title": "Application Servers Protection",
    "starttime": "08: 24: 15",
    "detail": "MA, United States > MA, United States",
    "time1": 104,
    "time2": 33684,
    "lon1": -46.4093,
    "lat1": -23.4125,
    "alt1": 1219,
    "lon2": -79.6632,
    "lat2": 43.6748,
    "alt2": 76
  },
  {
    "type": "malware",
    "title": "Application Servers Protection",
    "starttime": "08: 24: 15",
    "detail": "MA, United States > MA, United States",
    "time1": 106,
    "time2": 889,
    "lon1": 126.7726,
    "lat1": 37.57,
    "alt1": 0,
    "lon2": 126.8312,
    "lat2": 36.5468,
    "alt2": 7315
  },
  {
    "type": "malware",
    "title": "Application Servers Protection",
    "starttime": "08: 24: 15",
    "detail": "MA, United States > MA, United States",
    "time1": 106,
    "time2": 3082,
    "lon1": -111.7198,
    "lat1": 40.191,
    "alt1": 1524,
    "lon2": -111.7377,
    "lat2": 40.2361,
    "alt2": 1448
  },
  {
    "type": "malware",
    "title": "Application Servers Protection",
    "starttime": "08: 24: 15",
    "detail": "MA, United States > MA, United States",
    "time1": 107,
    "time2": 3593,
    "lon1": -84.3094,
    "lat1": 33.8568,
    "alt1": 305,
    "lon2": -81.0255,
    "lat2": 40.7917,
    "alt2": 3924
  },
  {
    "type": "malware",
    "title": "Application Servers Protection",
    "starttime": "08: 24: 15",
    "detail": "MA, United States > MA, United States",
    "time1": 107,
    "time2": 10377,
    "lon1": -113.6666,
    "lat1": 28.0145,
    "alt1": 9754,
    "lon2": -122.5619,
    "lat2": 45.5719,
    "alt2": 152
  },
  {
    "type": "malware",
    "title": "Application Servers Protection",
    "starttime": "08: 24: 15",
    "detail": "MA, United States > MA, United States",
    "time1": 107,
    "time2": 1332,
    "lon1": -123.1788,
    "lat1": 49.1869,
    "alt1": 0,
    "lon2": -124.8077,
    "lat2": 49.6598,
    "alt2": 419
  },
  {
    "type": "malware",
    "title": "Application Servers Protection",
    "starttime": "08: 24: 15",
    "detail": "MA, United States > MA, United States",
    "time1": 107,
    "time2": 13430,
    "lon1": -112.0201,
    "lat1": 33.431,
    "alt1": 305,
    "lon2": -73.7811,
    "lat2": 40.6117,
    "alt2": -23
  },
  {
    "type": "malware",
    "title": "Application Servers Protection",
    "starttime": "08: 24: 15",
    "detail": "MA, United States > MA, United States",
    "time1": 107,
    "time2": 26009,
    "lon1": 153.6027,
    "lat1": -28.2053,
    "alt1": 914,
    "lon2": 103.9677,
    "lat2": 1.3259,
    "alt2": 191
  },
  {
    "type": "malware",
    "title": "Application Servers Protection",
    "starttime": "08: 24: 15",
    "detail": "MA, United States > MA, United States",
    "time1": 109,
    "time2": 12795,
    "lon1": -97.3151,
    "lat1": 32.9655,
    "alt1": 610,
    "lon2": -121.6013,
    "lat2": 38.699,
    "alt2": -46
  },
  {
    "type": "malware",
    "title": "Application Servers Protection",
    "starttime": "08: 24: 15",
    "detail": "MA, United States > MA, United States",
    "time1": 112,
    "time2": 1609,
    "lon1": -74.0518,
    "lat1": 40.8482,
    "alt1": 0,
    "lon2": -74.2763,
    "lat2": 40.8487,
    "alt2": 213
  },
  {
    "type": "malware",
    "title": "Application Servers Protection",
    "starttime": "08: 24: 15",
    "detail": "MA, United States > MA, United States",
    "time1": 114,
    "time2": 27177,
    "lon1": 104.0008,
    "lat1": 1.3673,
    "alt1": 305,
    "lon2": 144.8336,
    "lat2": -37.6458,
    "alt2": 198
  },
  {
    "type": "malware",
    "title": "Application Servers Protection",
    "starttime": "08: 24: 15",
    "detail": "MA, United States > MA, United States",
    "time1": 115,
    "time2": 1312,
    "lon1": -121.4913,
    "lat1": 37.0318,
    "alt1": 914,
    "lon2": -121.7712,
    "lat2": 37.2838,
    "alt2": 518
  },
  {
    "type": "malware",
    "title": "Application Servers Protection",
    "starttime": "08: 24: 15",
    "detail": "MA, United States > MA, United States",
    "time1": 115,
    "time2": 2906,
    "lon1": -116.9747,
    "lat1": 32.5417,
    "alt1": 0,
    "lon2": -112.3626,
    "lat2": 28.7141,
    "alt2": 11887
  },
  {
    "type": "malware",
    "title": "Application Servers Protection",
    "starttime": "08: 24: 15",
    "detail": "MA, United States > MA, United States",
    "time1": 116,
    "time2": 6371,
    "lon1": -104.7457,
    "lat1": 39.8411,
    "alt1": 1829,
    "lon2": -116.2377,
    "lat2": 43.5705,
    "alt2": 907
  },
  {
    "type": "malware",
    "title": "Application Servers Protection",
    "starttime": "08: 24: 15",
    "detail": "MA, United States > MA, United States",
    "time1": 117,
    "time2": 1502,
    "lon1": -111.3205,
    "lat1": 34.2798,
    "alt1": 1829,
    "lon2": -111.9019,
    "lat2": 33.6303,
    "alt2": 457
  },
  {
    "type": "malware",
    "title": "Application Servers Protection",
    "starttime": "08: 24: 15",
    "detail": "MA, United States > MA, United States",
    "time1": 117,
    "time2": 10400,
    "lon1": -96.8388,
    "lat1": 32.8297,
    "alt1": 305,
    "lon2": -117.1682,
    "lat2": 32.7283,
    "alt2": 38
  },
  {
    "type": "malware",
    "title": "Application Servers Protection",
    "starttime": "08: 24: 15",
    "detail": "MA, United States > MA, United States",
    "time1": 118,
    "time2": 20446,
    "lon1": 51.6229,
    "lat1": 25.2643,
    "alt1": -305,
    "lon2": 108.4525,
    "lat2": 28.043,
    "alt2": 11918
  },
  {
    "type": "malware",
    "title": "Application Servers Protection",
    "starttime": "08: 24: 15",
    "detail": "MA, United States > MA, United States",
    "time1": 118,
    "time2": 3442,
    "lon1": -87.7656,
    "lat1": 41.7779,
    "alt1": 0,
    "lon2": -90.3763,
    "lat2": 38.7567,
    "alt2": 152
  },
  {
    "type": "malware",
    "title": "Application Servers Protection",
    "starttime": "08: 24: 15",
    "detail": "MA, United States > MA, United States",
    "time1": 118,
    "time2": 4319,
    "lon1": -114.0214,
    "lat1": 51.1048,
    "alt1": 914,
    "lon2": -122.4429,
    "lat2": 49.0161,
    "alt2": 328
  },
  {
    "type": "malware",
    "title": "Application Servers Protection",
    "starttime": "08: 24: 15",
    "detail": "MA, United States > MA, United States",
    "time1": 119,
    "time2": 15445,
    "lon1": 101.6798,
    "lat1": 2.7346,
    "alt1": 0,
    "lon2": 121.2166,
    "lat2": 25.0734,
    "alt2": -38
  },
  {
    "type": "malware",
    "title": "Application Servers Protection",
    "starttime": "08: 24: 15",
    "detail": "MA, United States > MA, United States",
    "time1": 120,
    "time2": 41419,
    "lon1": 30.926,
    "lat1": 34.2404,
    "alt1": 9754,
    "lon2": -77.4362,
    "lat2": 38.9407,
    "alt2": -15
  },
  {
    "type": "malware",
    "title": "Application Servers Protection",
    "starttime": "08: 24: 15",
    "detail": "MA, United States > MA, United States",
    "time1": 123,
    "time2": 4764,
    "lon1": -97.0306,
    "lat1": 32.8804,
    "alt1": 305,
    "lon2": -86.7806,
    "lat2": 34.7143,
    "alt2": 480
  },
  {
    "type": "malware",
    "title": "Application Servers Protection",
    "starttime": "08: 24: 15",
    "detail": "MA, United States > MA, United States",
    "time1": 123,
    "time2": 4453,
    "lon1": -79.6488,
    "lat1": 34.3617,
    "alt1": 10058,
    "lon2": -74.1605,
    "lat2": 40.6992,
    "alt2": -99
  },
  {
    "type": "malware",
    "title": "Application Servers Protection",
    "starttime": "08: 24: 15",
    "detail": "MA, United States > MA, United States",
    "time1": 124,
    "time2": 3866,
    "lon1": -78.7974,
    "lat1": 35.8783,
    "alt1": 0,
    "lon2": -73.8755,
    "lat2": 40.7784,
    "alt2": -122
  },
  {
    "type": "malware",
    "title": "Application Servers Protection",
    "starttime": "08: 24: 15",
    "detail": "MA, United States > MA, United States",
    "time1": 125,
    "time2": 977,
    "lon1": -104.8521,
    "lat1": 39.5746,
    "alt1": 1829,
    "lon2": -104.5891,
    "lat2": 39.3828,
    "alt2": 2537
  },
  {
    "type": "malware",
    "title": "Application Servers Protection",
    "starttime": "08: 24: 15",
    "detail": "MA, United States > MA, United States",
    "time1": 125,
    "time2": 1675,
    "lon1": 111.3095,
    "lat1": 22.0111,
    "alt1": 7925,
    "lon2": 113.632,
    "lat2": 22.794,
    "alt2": 846
  },
  {
    "type": "malware",
    "title": "Application Servers Protection",
    "starttime": "08: 24: 15",
    "detail": "MA, United States > MA, United States",
    "time1": 126,
    "time2": 23639,
    "lon1": 55.3487,
    "lat1": 25.2555,
    "alt1": -305,
    "lon2": 101.7409,
    "lat2": 2.6792,
    "alt2": 297
  },
  {
    "type": "malware",
    "title": "Application Servers Protection",
    "starttime": "08: 24: 15",
    "detail": "MA, United States > MA, United States",
    "time1": 126,
    "time2": 1634,
    "lon1": -80.3674,
    "lat1": 36.1975,
    "alt1": 3658,
    "lon2": -80.9403,
    "lat2": 35.2716,
    "alt2": 396
  },
  {
    "type": "malware",
    "title": "Application Servers Protection",
    "starttime": "08: 24: 15",
    "detail": "MA, United States > MA, United States",
    "time1": 129,
    "time2": 8571,
    "lon1": 130.4544,
    "lat1": 33.5802,
    "alt1": 0,
    "lon2": 121.216,
    "lat2": 25.0729,
    "alt2": -46
  },
  {
    "type": "malware",
    "title": "Application Servers Protection",
    "starttime": "08: 24: 15",
    "detail": "MA, United States > MA, United States",
    "time1": 133,
    "time2": 816,
    "lon1": -114.3226,
    "lat1": 51.3837,
    "alt1": 4267,
    "lon2": -114.0214,
    "lat2": 51.1046,
    "alt2": 1090
  },
  {
    "type": "malware",
    "title": "Application Servers Protection",
    "starttime": "08: 24: 15",
    "detail": "MA, United States > MA, United States",
    "time1": 133,
    "time2": 1149,
    "lon1": 136.5495,
    "lat1": 34.3533,
    "alt1": 5182,
    "lon2": 135.6449,
    "lat2": 32.9705,
    "alt2": 11582
  },
  {
    "type": "malware",
    "title": "Application Servers Protection",
    "starttime": "08: 24: 15",
    "detail": "MA, United States > MA, United States",
    "time1": 134,
    "time2": 2549,
    "lon1": -77.0406,
    "lat1": 38.8712,
    "alt1": 0,
    "lon2": -73.8755,
    "lat2": 40.779,
    "alt2": -122
  },
  {
    "type": "malware",
    "title": "Application Servers Protection",
    "starttime": "08: 24: 15",
    "detail": "MA, United States > MA, United States",
    "time1": 135,
    "time2": 2725,
    "lon1": -95.2624,
    "lat1": 29.6307,
    "alt1": 305,
    "lon2": -96.8828,
    "lat2": 32.8681,
    "alt2": 259
  },
  {
    "type": "malware",
    "title": "Application Servers Protection",
    "starttime": "08: 24: 15",
    "detail": "MA, United States > MA, United States",
    "time1": 135,
    "time2": 5548,
    "lon1": -80.9279,
    "lat1": 35.1628,
    "alt1": 610,
    "lon2": -80.1927,
    "lat2": 26.0771,
    "alt2": 46
  },
  {
    "type": "malware",
    "title": "Application Servers Protection",
    "starttime": "08: 24: 15",
    "detail": "MA, United States > MA, United States",
    "time1": 137,
    "time2": 4626,
    "lon1": -95.8809,
    "lat1": 41.2907,
    "alt1": 610,
    "lon2": -83.2918,
    "lat2": 42.323,
    "alt2": 785
  },
  {
    "type": "malware",
    "title": "Application Servers Protection",
    "starttime": "08: 24: 15",
    "detail": "MA, United States > MA, United States",
    "time1": 138,
    "time2": 6838,
    "lon1": -111.7301,
    "lat1": 33.4588,
    "alt1": 305,
    "lon2": -111.724,
    "lat2": 33.4627,
    "alt2": 381
  },
  {
    "type": "malware",
    "title": "Application Servers Protection",
    "starttime": "08: 24: 15",
    "detail": "MA, United States > MA, United States",
    "time1": 139,
    "time2": 18157,
    "lon1": 153.1174,
    "lat1": -27.404,
    "alt1": 0,
    "lon2": 115.9732,
    "lat2": -31.9338,
    "alt2": 38
  },
  {
    "type": "malware",
    "title": "Application Servers Protection",
    "starttime": "08: 24: 15",
    "detail": "MA, United States > MA, United States",
    "time1": 140,
    "time2": 5544,
    "lon1": -87.863,
    "lat1": 41.988,
    "alt1": 305,
    "lon2": -73.7233,
    "lat2": 45.4715,
    "alt2": -99
  },
  {
    "type": "malware",
    "title": "Application Servers Protection",
    "starttime": "08: 24: 15",
    "detail": "MA, United States > MA, United States",
    "time1": 145,
    "time2": 13168,
    "lon1": -93.2432,
    "lat1": 44.8197,
    "alt1": 914,
    "lon2": -118.3861,
    "lat2": 33.9538,
    "alt2": 69
  },
  {
    "type": "malware",
    "title": "Application Servers Protection",
    "starttime": "08: 24: 15",
    "detail": "MA, United States > MA, United States",
    "time1": 146,
    "time2": 19134,
    "lon1": -74.1837,
    "lat1": 40.668,
    "alt1": 0,
    "lon2": -115.1391,
    "lat2": 36.0737,
    "alt2": 594
  },
  {
    "type": "malware",
    "title": "Application Servers Protection",
    "starttime": "08: 24: 15",
    "detail": "MA, United States > MA, United States",
    "time1": 146,
    "time2": 2039,
    "lon1": -76.3737,
    "lat1": -6.5064,
    "alt1": 0,
    "lon2": -77.1192,
    "lat2": -9.7981,
    "alt2": 9754
  },
  {
    "type": "malware",
    "title": "Application Servers Protection",
    "starttime": "08: 24: 15",
    "detail": "MA, United States > MA, United States",
    "time1": 147,
    "time2": 3191,
    "lon1": -75.5817,
    "lat1": 45.2724,
    "alt1": 914,
    "lon2": -79.6328,
    "lat2": 43.6957,
    "alt2": 69
  },
  {
    "type": "malware",
    "title": "Application Servers Protection",
    "starttime": "08: 24: 15",
    "detail": "MA, United States > MA, United States",
    "time1": 147,
    "time2": 4338,
    "lon1": 120.3609,
    "lat1": 22.5765,
    "alt1": 0,
    "lon2": 113.8962,
    "lat2": 22.3103,
    "alt2": -23
  },
  {
    "type": "malware",
    "title": "Application Servers Protection",
    "starttime": "08: 24: 15",
    "detail": "MA, United States > MA, United States",
    "time1": 152,
    "time2": 4465,
    "lon1": 106.8818,
    "lat1": 29.4821,
    "alt1": 9754,
    "lon2": 113.1368,
    "lat2": 23.0651,
    "alt2": 1615
  },
  {
    "type": "malware",
    "title": "Application Servers Protection",
    "starttime": "08: 24: 15",
    "detail": "MA, United States > MA, United States",
    "time1": 154,
    "time2": 1278,
    "lon1": -80.5858,
    "lat1": 34.8572,
    "alt1": 3658,
    "lon2": -80.9405,
    "lat2": 35.2742,
    "alt2": 411
  },
  {
    "type": "malware",
    "title": "Application Servers Protection",
    "starttime": "08: 24: 15",
    "detail": "MA, United States > MA, United States",
    "time1": 155,
    "time2": 2928,
    "lon1": -119.9776,
    "lat1": 34.3687,
    "alt1": 3353,
    "lon2": -122.3588,
    "lat2": 37.6119,
    "alt2": -53
  },
  {
    "type": "malware",
    "title": "Application Servers Protection",
    "starttime": "08: 24: 15",
    "detail": "MA, United States > MA, United States",
    "time1": 155,
    "time2": 3163,
    "lon1": -100.1207,
    "lat1": 30.7374,
    "alt1": 8230,
    "lon2": -95.4021,
    "lat2": 29.9933,
    "alt2": 213
  },
  {
    "type": "malware",
    "title": "Application Servers Protection",
    "starttime": "08: 24: 15",
    "detail": "MA, United States > MA, United States",
    "time1": 156,
    "time2": 2275,
    "lon1": 151.1738,
    "lat1": -33.9377,
    "alt1": 0,
    "lon2": 149.1945,
    "lat2": -35.32,
    "alt2": 572
  },
  {
    "type": "malware",
    "title": "Application Servers Protection",
    "starttime": "08: 24: 15",
    "detail": "MA, United States > MA, United States",
    "time1": 156,
    "time2": 2388,
    "lon1": -117.5772,
    "lat1": 47.5904,
    "alt1": 1524,
    "lon2": -120.5101,
    "lat2": 46.5601,
    "alt2": 480
  },
  {
    "type": "malware",
    "title": "Application Servers Protection",
    "starttime": "08: 24: 15",
    "detail": "MA, United States > MA, United States",
    "time1": 157,
    "time2": 3059,
    "lon1": -115.1632,
    "lat1": 36.0817,
    "alt1": 610,
    "lon2": -112.0028,
    "lat2": 33.4408,
    "alt2": 282
  },
  {
    "type": "malware",
    "title": "Application Servers Protection",
    "starttime": "08: 24: 15",
    "detail": "MA, United States > MA, United States",
    "time1": 159,
    "time2": 12800,
    "lon1": -118.1285,
    "lat1": 34.1499,
    "alt1": 1829,
    "lon2": -117.0658,
    "lat2": 32.8853,
    "alt2": 1006
  },
  {
    "type": "malware",
    "title": "Application Servers Protection",
    "starttime": "08: 24: 15",
    "detail": "MA, United States > MA, United States",
    "time1": 159,
    "time2": 20662,
    "lon1": 51.5916,
    "lat1": 25.287,
    "alt1": 0,
    "lon2": 20.9667,
    "lat2": 52.175,
    "alt2": 61
  },
  {
    "type": "malware",
    "title": "Application Servers Protection",
    "starttime": "08: 24: 15",
    "detail": "MA, United States > MA, United States",
    "time1": 160,
    "time2": 1590,
    "lon1": -93.2379,
    "lat1": 44.8706,
    "alt1": 305,
    "lon2": -95.8608,
    "lat2": 43.8902,
    "alt2": 4709
  },
  {
    "type": "malware",
    "title": "Application Servers Protection",
    "starttime": "08: 24: 15",
    "detail": "MA, United States > MA, United States",
    "time1": 161,
    "time2": 3589,
    "lon1": -1.3154,
    "lat1": 52.8257,
    "alt1": 0,
    "lon2": 2.5615,
    "lat2": 49.0266,
    "alt2": 168
  },
  {
    "type": "malware",
    "title": "Application Servers Protection",
    "starttime": "08: 24: 15",
    "detail": "MA, United States > MA, United States",
    "time1": 162,
    "time2": 2753,
    "lon1": -87.8849,
    "lat1": 41.9842,
    "alt1": 0,
    "lon2": -81.7086,
    "lat2": 41.5139,
    "alt2": 1006
  },
  {
    "type": "malware",
    "title": "Application Servers Protection",
    "starttime": "08: 24: 15",
    "detail": "MA, United States > MA, United States",
    "time1": 162,
    "time2": 12778,
    "lon1": -95.3197,
    "lat1": 43.6136,
    "alt1": 3353,
    "lon2": -79.9025,
    "lat2": 43.1692,
    "alt2": 206
  },
  {
    "type": "malware",
    "title": "Application Servers Protection",
    "starttime": "08: 24: 15",
    "detail": "MA, United States > MA, United States",
    "time1": 163,
    "time2": 4289,
    "lon1": 113.9333,
    "lat1": 22.3075,
    "alt1": 0,
    "lon2": 121.0451,
    "lat2": 26.7067,
    "alt2": 10089
  },
  {
    "type": "malware",
    "title": "Application Servers Protection",
    "starttime": "08: 24: 15",
    "detail": "MA, United States > MA, United States",
    "time1": 163,
    "time2": 4439,
    "lon1": -73.8781,
    "lat1": 40.7821,
    "alt1": -305,
    "lon2": -78.7752,
    "lat2": 35.8961,
    "alt2": 38
  },
  {
    "type": "malware",
    "title": "Application Servers Protection",
    "starttime": "08: 24: 15",
    "detail": "MA, United States > MA, United States",
    "time1": 163,
    "time2": 9509,
    "lon1": 132.8775,
    "lat1": 34.4343,
    "alt1": 610,
    "lon2": 121.2149,
    "lat2": 25.072,
    "alt2": -30
  },
  {
    "type": "malware",
    "title": "Application Servers Protection",
    "starttime": "08: 24: 15",
    "detail": "MA, United States > MA, United States",
    "time1": 163,
    "time2": 4147,
    "lon1": -96.6648,
    "lat1": 34.6203,
    "alt1": 2134,
    "lon2": -98.5257,
    "lat2": 32.6311,
    "alt2": 2393
  },
  {
    "type": "malware",
    "title": "Application Servers Protection",
    "starttime": "08: 24: 15",
    "detail": "MA, United States > MA, United States",
    "time1": 163,
    "time2": 6134,
    "lon1": -122.6228,
    "lat1": 45.5958,
    "alt1": 0,
    "lon2": -115.1647,
    "lat2": 36.0852,
    "alt2": 610
  },
  {
    "type": "malware",
    "title": "Application Servers Protection",
    "starttime": "08: 24: 15",
    "detail": "MA, United States > MA, United States",
    "time1": 164,
    "time2": 57174,
    "lon1": 135.2517,
    "lat1": 34.4324,
    "alt1": -305,
    "lon2": 37.4014,
    "lat2": 55.9675,
    "alt2": 137
  },
  {
    "type": "malware",
    "title": "Application Servers Protection",
    "starttime": "08: 24: 15",
    "detail": "MA, United States > MA, United States",
    "time1": 166,
    "time2": 2725,
    "lon1": 174.7987,
    "lat1": -41.4417,
    "alt1": 1524,
    "lon2": 174.7264,
    "lat2": -37.0286,
    "alt2": 191
  },
  {
    "type": "malware",
    "title": "Application Servers Protection",
    "starttime": "08: 24: 15",
    "detail": "MA, United States > MA, United States",
    "time1": 166,
    "time2": 804,
    "lon1": -60.4791,
    "lat1": -35.4619,
    "alt1": 9449,
    "lon2": -59.5195,
    "lat2": -34.676,
    "alt2": 5494
  },
  {
    "type": "malware",
    "title": "Application Servers Protection",
    "starttime": "08: 24: 15",
    "detail": "MA, United States > MA, United States",
    "time1": 167,
    "time2": 3265,
    "lon1": -119.0876,
    "lat1": 34.332,
    "alt1": 305,
    "lon2": -119.0987,
    "lat2": 34.312,
    "alt2": 274
  },
  {
    "type": "malware",
    "title": "Application Servers Protection",
    "starttime": "08: 24: 15",
    "detail": "MA, United States > MA, United States",
    "time1": 168,
    "time2": 5212,
    "lon1": -84.23,
    "lat1": 39.887,
    "alt1": 305,
    "lon2": -84.4687,
    "lat2": 33.6318,
    "alt2": 305
  },
  {
    "type": "malware",
    "title": "Application Servers Protection",
    "starttime": "08: 24: 15",
    "detail": "MA, United States > MA, United States",
    "time1": 168,
    "time2": 4399,
    "lon1": -71.2316,
    "lat1": 43.0453,
    "alt1": 3353,
    "lon2": -76.6384,
    "lat2": 39.1385,
    "alt2": 122
  },
  {
    "type": "malware",
    "title": "Application Servers Protection",
    "starttime": "08: 24: 15",
    "detail": "MA, United States > MA, United States",
    "time1": 169,
    "time2": 6013,
    "lon1": -68.5569,
    "lat1": 45.5887,
    "alt1": 11582,
    "lon2": -79.5927,
    "lat2": 43.6784,
    "alt2": 76
  },
  {
    "type": "malware",
    "title": "Application Servers Protection",
    "starttime": "08: 24: 15",
    "detail": "MA, United States > MA, United States",
    "time1": 169,
    "time2": 1205,
    "lon1": 114.9323,
    "lat1": 23.3716,
    "alt1": 9144,
    "lon2": 113.4648,
    "lat2": 23.836,
    "alt2": 9167
  },
  {
    "type": "malware",
    "title": "Application Servers Protection",
    "starttime": "08: 24: 15",
    "detail": "MA, United States > MA, United States",
    "time1": 169,
    "time2": 1512,
    "lon1": 55.9019,
    "lat1": 24.3757,
    "alt1": 7010,
    "lon2": 55.3647,
    "lat2": 25.2503,
    "alt2": 0
  },
  {
    "type": "malware",
    "title": "Application Servers Protection",
    "starttime": "08: 24: 15",
    "detail": "MA, United States > MA, United States",
    "time1": 169,
    "time2": 10354,
    "lon1": -122.3683,
    "lat1": 37.6252,
    "alt1": 0,
    "lon2": -96.879,
    "lat2": 32.8647,
    "alt2": 221
  },
  {
    "type": "malware",
    "title": "Application Servers Protection",
    "starttime": "08: 24: 15",
    "detail": "MA, United States > MA, United States",
    "time1": 170,
    "time2": 2064,
    "lon1": 115.9615,
    "lat1": -31.9524,
    "alt1": 0,
    "lon2": 117.6579,
    "lat2": -29.5149,
    "alt2": 10058
  },
  {
    "type": "malware",
    "title": "Application Servers Protection",
    "starttime": "08: 24: 15",
    "detail": "MA, United States > MA, United States",
    "time1": 171,
    "time2": 6646,
    "lon1": -97.03,
    "lat1": 32.8791,
    "alt1": 305,
    "lon2": -105.2044,
    "lat2": 41.2921,
    "alt2": 7925
  },
  {
    "type": "malware",
    "title": "Application Servers Protection",
    "starttime": "08: 24: 15",
    "detail": "MA, United States > MA, United States",
    "time1": 172,
    "time2": 1672,
    "lon1": -80.2308,
    "lat1": 25.7862,
    "alt1": 305,
    "lon2": -82.5022,
    "lat2": 24.1875,
    "alt2": 10363
  },
  {
    "type": "malware",
    "title": "Application Servers Protection",
    "starttime": "08: 24: 15",
    "detail": "MA, United States > MA, United States",
    "time1": 172,
    "time2": 3598,
    "lon1": -122.3719,
    "lat1": 37.6246,
    "alt1": 0,
    "lon2": -118.1395,
    "lat2": 33.808,
    "alt2": 0
  },
  {
    "type": "malware",
    "title": "Application Servers Protection",
    "starttime": "08: 24: 15",
    "detail": "MA, United States > MA, United States",
    "time1": 173,
    "time2": 21724,
    "lon1": 77.0716,
    "lat1": 28.5459,
    "alt1": 305,
    "lon2": 28.7303,
    "lat2": 41.1325,
    "alt2": 777
  },
  {
    "type": "malware",
    "title": "Application Servers Protection",
    "starttime": "08: 24: 15",
    "detail": "MA, United States > MA, United States",
    "time1": 173,
    "time2": 6580,
    "lon1": 114.6265,
    "lat1": 24.3869,
    "alt1": 10363,
    "lon2": 106.6215,
    "lat2": 29.6491,
    "alt2": 693
  },
  {
    "type": "malware",
    "title": "Application Servers Protection",
    "starttime": "08: 24: 15",
    "detail": "MA, United States > MA, United States",
    "time1": 174,
    "time2": 5725,
    "lon1": 80.1755,
    "lat1": 12.9927,
    "alt1": 0,
    "lon2": 72.8586,
    "lat2": 19.0886,
    "alt2": 8
  },
  {
    "type": "malware",
    "title": "Application Servers Protection",
    "starttime": "08: 24: 15",
    "detail": "MA, United States > MA, United States",
    "time1": 174,
    "time2": 3131,
    "lon1": -48.1705,
    "lat1": -19.8533,
    "alt1": 4572,
    "lon2": -47.1415,
    "lat2": -23.0024,
    "alt2": 602
  },
  {
    "type": "malware",
    "title": "Application Servers Protection",
    "starttime": "08: 24: 15",
    "detail": "MA, United States > MA, United States",
    "time1": 180,
    "time2": 2033,
    "lon1": 172.907,
    "lat1": -41.77,
    "alt1": 4267,
    "lon2": 172.5234,
    "lat2": -43.4965,
    "alt2": -61
  },
  {
    "type": "malware",
    "title": "Application Servers Protection",
    "starttime": "08: 24: 15",
    "detail": "MA, United States > MA, United States",
    "time1": 182,
    "time2": 21974,
    "lon1": -76.2445,
    "lat1": 5.4543,
    "alt1": 10668,
    "lon2": -46.4928,
    "lat2": -23.4403,
    "alt2": 747
  },
  {
    "type": "malware",
    "title": "Application Servers Protection",
    "starttime": "08: 24: 15",
    "detail": "MA, United States > MA, United States",
    "time1": 183,
    "time2": 11116,
    "lon1": -117.1494,
    "lat1": 32.8681,
    "alt1": 0,
    "lon2": -117.1361,
    "lat2": 32.8709,
    "alt2": 91
  },
  {
    "type": "malware",
    "title": "Application Servers Protection",
    "starttime": "08: 24: 15",
    "detail": "MA, United States > MA, United States",
    "time1": 183,
    "time2": 2388,
    "lon1": -71.4249,
    "lat1": 46.7103,
    "alt1": 3353,
    "lon2": -73.9977,
    "lat2": 45.6873,
    "alt2": -69
  },
  {
    "type": "malware",
    "title": "Application Servers Protection",
    "starttime": "08: 24: 15",
    "detail": "MA, United States > MA, United States",
    "time1": 183,
    "time2": 4014,
    "lon1": 150.8618,
    "lat1": -31.1145,
    "alt1": 305,
    "lon2": 150.8304,
    "lat2": -31.0794,
    "alt2": 457
  },
  {
    "type": "malware",
    "title": "Application Servers Protection",
    "starttime": "08: 24: 15",
    "detail": "MA, United States > MA, United States",
    "time1": 186,
    "time2": 3949,
    "lon1": 136.0334,
    "lat1": 35.1006,
    "alt1": 5486,
    "lon2": 129.305,
    "lat2": 32.981,
    "alt2": 9152
  },
  {
    "type": "malware",
    "title": "Application Servers Protection",
    "starttime": "08: 24: 15",
    "detail": "MA, United States > MA, United States",
    "time1": 188,
    "time2": 14365,
    "lon1": -90.3558,
    "lat1": 38.7423,
    "alt1": 0,
    "lon2": -118.3706,
    "lat2": 33.9386,
    "alt2": 46
  },
  {
    "type": "malware",
    "title": "Application Servers Protection",
    "starttime": "08: 24: 15",
    "detail": "MA, United States > MA, United States",
    "time1": 190,
    "time2": 22267,
    "lon1": -73.7586,
    "lat1": 40.6553,
    "alt1": 0,
    "lon2": -0.4353,
    "lat2": 51.4777,
    "alt2": 152
  },
  {
    "type": "malware",
    "title": "Application Servers Protection",
    "starttime": "08: 24: 15",
    "detail": "MA, United States > MA, United States",
    "time1": 191,
    "time2": 4930,
    "lon1": -111.7276,
    "lat1": 33.4603,
    "alt1": 305,
    "lon2": -111.7199,
    "lat2": 33.4655,
    "alt2": 396
  },
  {
    "type": "malware",
    "title": "Application Servers Protection",
    "starttime": "08: 24: 15",
    "detail": "MA, United States > MA, United States",
    "time1": 193,
    "time2": 6793,
    "lon1": -70.9811,
    "lat1": 42.3611,
    "alt1": 0,
    "lon2": -83.2572,
    "lat2": 42.3239,
    "alt2": 777
  },
  {
    "type": "malware",
    "title": "Application Servers Protection",
    "starttime": "08: 24: 15",
    "detail": "MA, United States > MA, United States",
    "time1": 193,
    "time2": 3893,
    "lon1": -121.9296,
    "lat1": 37.3656,
    "alt1": 0,
    "lon2": -115.1448,
    "lat2": 36.0737,
    "alt2": 617
  },
  {
    "type": "malware",
    "title": "Application Servers Protection",
    "starttime": "08: 24: 15",
    "detail": "MA, United States > MA, United States",
    "time1": 193,
    "time2": 1658,
    "lon1": -84.4104,
    "lat1": 33.6471,
    "alt1": 305,
    "lon2": -86.4769,
    "lat2": 33.807,
    "alt2": 2080
  },
  {
    "type": "malware",
    "title": "Application Servers Protection",
    "starttime": "08: 24: 15",
    "detail": "MA, United States > MA, United States",
    "time1": 193,
    "time2": 1679,
    "lon1": 143.7025,
    "lat1": -35.8689,
    "alt1": 9144,
    "lon2": 144.8324,
    "lat2": -37.6396,
    "alt2": 198
  },
  {
    "type": "malware",
    "title": "Application Servers Protection",
    "starttime": "08: 24: 15",
    "detail": "MA, United States > MA, United States",
    "time1": 194,
    "time2": 20578,
    "lon1": -73.728,
    "lat1": 45.471,
    "alt1": -305,
    "lon2": -118.4922,
    "lat2": 34.2293,
    "alt2": 297
  },
  {
    "type": "malware",
    "title": "Application Servers Protection",
    "starttime": "08: 24: 15",
    "detail": "MA, United States > MA, United States",
    "time1": 195,
    "time2": 1109,
    "lon1": 100.7291,
    "lat1": 13.6535,
    "alt1": 305,
    "lon2": 102.1706,
    "lat2": 13.0811,
    "alt2": 8412
  },
  {
    "type": "malware",
    "title": "Application Servers Protection",
    "starttime": "08: 24: 15",
    "detail": "MA, United States > MA, United States",
    "time1": 196,
    "time2": 1856,
    "lon1": 126.4063,
    "lat1": 37.4805,
    "alt1": 305,
    "lon2": 123.5747,
    "lat2": 36.6591,
    "alt2": 7803
  },
  {
    "type": "malware",
    "title": "Application Servers Protection",
    "starttime": "08: 24: 15",
    "detail": "MA, United States > MA, United States",
    "time1": 198,
    "time2": 2031,
    "lon1": -104.8499,
    "lat1": 39.5574,
    "alt1": 1829,
    "lon2": -105.5917,
    "lat2": 37.8817,
    "alt2": 4953
  },
  {
    "type": "malware",
    "title": "Application Servers Protection",
    "starttime": "08: 24: 15",
    "detail": "MA, United States > MA, United States",
    "time1": 198,
    "time2": 837,
    "lon1": -105.1201,
    "lat1": 39.904,
    "alt1": 1829,
    "lon2": -105.1509,
    "lat2": 40.1581,
    "alt2": 1585
  },
  {
    "type": "malware",
    "title": "Application Servers Protection",
    "starttime": "08: 24: 15",
    "detail": "MA, United States > MA, United States",
    "time1": 198,
    "time2": 1769,
    "lon1": -58.1705,
    "lat1": -31.8081,
    "alt1": 11582,
    "lon2": -58.7202,
    "lat2": -33.7966,
    "alt2": 4602
  },
  {
    "type": "malware",
    "title": "Application Servers Protection",
    "starttime": "08: 24: 15",
    "detail": "MA, United States > MA, United States",
    "time1": 198,
    "time2": 58258,
    "lon1": 51.6235,
    "lat1": 25.263,
    "alt1": -305,
    "lon2": 174.7278,
    "lat2": -37.0282,
    "alt2": 183
  },
  {
    "type": "malware",
    "title": "Application Servers Protection",
    "starttime": "08: 24: 15",
    "detail": "MA, United States > MA, United States",
    "time1": 199,
    "time2": 6719,
    "lon1": -93.3711,
    "lat1": 37.2266,
    "alt1": 610,
    "lon2": -81.6815,
    "lat2": 28.8439,
    "alt2": 1173
  },
  {
    "type": "malware",
    "title": "Application Servers Protection",
    "starttime": "08: 24: 15",
    "detail": "MA, United States > MA, United States",
    "time1": 199,
    "time2": 3323,
    "lon1": -77.0404,
    "lat1": 38.8687,
    "alt1": 305,
    "lon2": -73.7383,
    "lat2": 41.1081,
    "alt2": 229
  },
  {
    "type": "malware",
    "title": "Application Servers Protection",
    "starttime": "08: 24: 15",
    "detail": "MA, United States > MA, United States",
    "time1": 200,
    "time2": 4108,
    "lon1": -118.3586,
    "lat1": 34.2057,
    "alt1": 0,
    "lon2": -112.0137,
    "lat2": 33.4288,
    "alt2": 297
  },
  {
    "type": "malware",
    "title": "Application Servers Protection",
    "starttime": "08: 24: 15",
    "detail": "MA, United States > MA, United States",
    "time1": 201,
    "time2": 6713,
    "lon1": -73.7296,
    "lat1": 45.4667,
    "alt1": -305,
    "lon2": -76.9544,
    "lat2": 34.1377,
    "alt2": 10973
  },
  {
    "type": "malware",
    "title": "Application Servers Protection",
    "starttime": "08: 24: 15",
    "detail": "MA, United States > MA, United States",
    "time1": 202,
    "time2": 14482,
    "lon1": 55.5157,
    "lat1": 25.3265,
    "alt1": 0,
    "lon2": 90.2339,
    "lat2": 23.8973,
    "alt2": 2256
  },
  {
    "type": "malware",
    "title": "Application Servers Protection",
    "starttime": "08: 24: 15",
    "detail": "MA, United States > MA, United States",
    "time1": 203,
    "time2": 4468,
    "lon1": -85.0942,
    "lat1": 35.0097,
    "alt1": 2134,
    "lon2": -83.2596,
    "lat2": 42.3216,
    "alt2": 648
  },
  {
    "type": "malware",
    "title": "Application Servers Protection",
    "starttime": "08: 24: 15",
    "detail": "MA, United States > MA, United States",
    "time1": 203,
    "time2": 825,
    "lon1": 113.5456,
    "lat1": 22.1772,
    "alt1": 2134,
    "lon2": 113.5996,
    "lat2": 23.1035,
    "alt2": 4511
  },
  {
    "type": "malware",
    "title": "Application Servers Protection",
    "starttime": "08: 24: 15",
    "detail": "MA, United States > MA, United States",
    "time1": 203,
    "time2": 1906,
    "lon1": 100.5991,
    "lat1": 13.8954,
    "alt1": 0,
    "lon2": 100.2153,
    "lat2": 16.7303,
    "alt2": 10973
  },
  {
    "type": "malware",
    "title": "Application Servers Protection",
    "starttime": "08: 24: 15",
    "detail": "MA, United States > MA, United States",
    "time1": 204,
    "time2": 2055,
    "lon1": -117.8819,
    "lat1": 33.6449,
    "alt1": 305,
    "lon2": -117.852,
    "lat2": 33.6802,
    "alt2": 244
  },
  {
    "type": "malware",
    "title": "Application Servers Protection",
    "starttime": "08: 24: 15",
    "detail": "MA, United States > MA, United States",
    "time1": 207,
    "time2": 8337,
    "lon1": -115.1635,
    "lat1": 36.0812,
    "alt1": 610,
    "lon2": -122.3179,
    "lat2": 47.4575,
    "alt2": 152
  },
  {
    "type": "malware",
    "title": "Application Servers Protection",
    "starttime": "08: 24: 15",
    "detail": "MA, United States > MA, United States",
    "time1": 209,
    "time2": 17547,
    "lon1": 104.0016,
    "lat1": 1.3699,
    "alt1": 305,
    "lon2": 72.8706,
    "lat2": 19.0862,
    "alt2": -15
  },
  {
    "type": "malware",
    "title": "Application Servers Protection",
    "starttime": "08: 24: 15",
    "detail": "MA, United States > MA, United States",
    "time1": 209,
    "time2": 27053,
    "lon1": 144.8078,
    "lat1": -37.6597,
    "alt1": 305,
    "lon2": 120.9899,
    "lat2": 14.4922,
    "alt2": 107
  },
  {
    "type": "malware",
    "title": "Application Servers Protection",
    "starttime": "08: 24: 15",
    "detail": "MA, United States > MA, United States",
    "time1": 210,
    "time2": 1108,
    "lon1": -84.8046,
    "lat1": 11.353,
    "alt1": 9449,
    "lon2": -83.2414,
    "lat2": 10.2814,
    "alt2": 10668
  },
  {
    "type": "malware",
    "title": "Application Servers Protection",
    "starttime": "08: 24: 15",
    "detail": "MA, United States > MA, United States",
    "time1": 211,
    "time2": 37405,
    "lon1": -6.7601,
    "lat1": 11.9763,
    "alt1": 9754,
    "lon2": -84.4096,
    "lat2": 33.6318,
    "alt2": 274
  },
  {
    "type": "malware",
    "title": "Application Servers Protection",
    "starttime": "08: 24: 15",
    "detail": "MA, United States > MA, United States",
    "time1": 211,
    "time2": 7695,
    "lon1": -80.6452,
    "lat1": 28.4908,
    "alt1": 6401,
    "lon2": -73.7236,
    "lat2": 41.089,
    "alt2": 91
  },
  {
    "type": "malware",
    "title": "Application Servers Protection",
    "starttime": "08: 24: 15",
    "detail": "MA, United States > MA, United States",
    "time1": 214,
    "time2": 9621,
    "lon1": -104.7579,
    "lat1": 39.8394,
    "alt1": 1829,
    "lon2": -120.8581,
    "lat2": 35.2793,
    "alt2": 1478
  },
  {
    "type": "malware",
    "title": "Application Servers Protection",
    "starttime": "08: 24: 15",
    "detail": "MA, United States > MA, United States",
    "time1": 219,
    "time2": 38772,
    "lon1": -46.4106,
    "lat1": -23.4143,
    "alt1": 1219,
    "lon2": 12.2197,
    "lat2": 41.8315,
    "alt2": -8
  },
  {
    "type": "malware",
    "title": "Application Servers Protection",
    "starttime": "08: 24: 15",
    "detail": "MA, United States > MA, United States",
    "time1": 219,
    "time2": 44317,
    "lon1": 139.8674,
    "lat1": 35.9321,
    "alt1": 4572,
    "lon2": 100.7613,
    "lat2": 13.7727,
    "alt2": 427
  },
  {
    "type": "malware",
    "title": "Application Servers Protection",
    "starttime": "08: 24: 15",
    "detail": "MA, United States > MA, United States",
    "time1": 220,
    "time2": 32830,
    "lon1": -123.162,
    "lat1": 49.1849,
    "alt1": 0,
    "lon2": 4.7492,
    "lat2": 52.3141,
    "alt2": 91
  }
]