[
        {
                "date": "2023-10-03",
                "cases": 1,
                "notice": "현재 악용되고 있는 Exploit"
        },
        {
                "date": "2023-10-03",
                "cases": 2,
                "notice": "Apple 제품 보안 업데이트 권고"
        },
        {
                "date": "2023-10-03",
                "cases": 3,
                "notice": "나라비전 에어즈락 제품 보안 업데이트 권고"
        },
        {
                "date": "2023-10-03",
                "cases": 4,
                "notice": "구글 Chrome 브라우저 보안 업데이트 권고"
        },
        {
                "date": "2023-10-03",
                "cases": 5,
                "notice": "지니언스 NAC 제품 보안 업데이트 권고"
        }
]